School,Year,G,W,L,W-L%,SRS,SOS,,W,L,,W,L,,W,L,,Tm.,Opp.,,Pace,ORtg,FTr,3PAr,TS%,TRB%,AST%,STL%,BLK%,eFG%,TOV%,ORB%,FT/FGA
Air Force,2004-2005,30,18,12,0.600,8.61,2.61,,9,5,,12,1,,4,10,,1835,1629,,,,0.278,0.511,0.568,44.3,63.1,,4.3,0.543,15.5,,0.200
Akron,2004-2005,29,19,10,0.655,7.03,1.68,,11,7,,14,1,,5,8,,2082,1902,,,,0.361,0.377,0.544,48.3,64.5,,6.8,0.516,16.9,,0.244
Alabama NCAA,2004-2005,32,24,8,0.750,16.75,6.81,,12,4,,14,1,,8,4,,2426,2083,,,,0.432,0.373,0.594,53.9,55.3,,7.5,0.557,16.7,,0.318
Alabama A&M NCAA,2004-2005,32,18,14,0.563,-11.96,-12.86,,12,6,,9,3,,6,8,,2229,2169,,,,0.435,0.345,0.486,47.0,55.9,,6.5,0.453,17.6,,0.267
Alabama State,2004-2005,30,15,15,0.500,-15.00,-11.66,,11,7,,9,4,,4,8,,1739,1839,,,,0.440,0.296,0.470,51.2,53.3,,3.9,0.425,20.4,,0.286
Albany (NY),2004-2005,28,13,15,0.464,-2.63,-5.31,,9,9,,7,4,,6,10,,1886,1811,,,,0.399,0.312,0.539,50.6,56.8,,4.5,0.497,19.1,,0.288
Alcorn State,2004-2005,29,7,22,0.241,-23.60,-11.31,,6,12,,5,7,,2,13,,1677,2016,,,,0.402,0.320,0.458,47.3,56.1,,6.5,0.425,23.8,,0.241
American,2004-2005,28,16,12,0.571,-3.19,-4.30,,8,6,,9,3,,6,9,,1881,1850,,,,0.320,0.323,0.543,51.7,53.1,,5.0,0.511,19.5,,0.228
Appalachian State,2004-2005,30,18,12,0.600,-3.76,-4.04,,9,7,,13,1,,3,11,,2192,2070,,,,0.289,0.402,0.535,48.5,60.9,,8.1,0.514,17.9,,0.189
Arizona NCAA,2004-2005,37,30,7,0.811,18.00,8.02,,15,3,,15,1,,8,3,,2948,2579,,,,0.309,0.279,0.570,52.9,56.6,,6.6,0.534,17.5,,0.240
Arizona State,2004-2005,32,18,14,0.563,9.20,5.36,,7,11,,13,5,,4,7,,2433,2310,,,,0.418,0.341,0.551,52.1,63.7,,6.2,0.511,17.5,,0.299
Arkansas,2004-2005,30,18,12,0.600,12.34,3.60,,6,10,,13,3,,2,7,,2147,1885,,,,0.374,0.289,0.539,50.7,56.3,,9.8,0.511,17.7,,0.248
Arkansas State,2004-2005,29,16,13,0.552,-1.18,-1.87,,7,7,,12,2,,3,9,,2207,2097,,,,0.369,0.275,0.537,51.5,53.5,,5.0,0.507,17.2,,0.247
Arkansas-Pine Bluff,2004-2005,28,7,21,0.250,-20.72,-10.30,,5,13,,3,7,,4,13,,1654,1898,,,,0.280,0.280,0.456,47.9,53.1,,8.7,0.425,20.1,,0.182
Army,2004-2005,27,3,24,0.111,-20.27,-5.39,,1,13,,3,11,,0,13,,1510,1832,,,,0.297,0.377,0.510,43.9,59.2,,3.0,0.468,21.9,,0.228
Auburn,2004-2005,31,14,17,0.452,2.06,6.61,,4,12,,8,7,,3,7,,2191,2332,,,,0.321,0.421,0.530,46.8,53.1,,3.4,0.494,17.8,,0.233
Austin Peay,2004-2005,32,13,19,0.406,-3.75,-1.97,,9,7,,7,5,,3,11,,2090,2147,,,,0.358,0.322,0.523,48.6,55.7,,4.8,0.490,18.6,,0.244
Ball State,2004-2005,28,15,13,0.536,4.27,3.31,,10,8,,11,3,,4,8,,1990,1911,,,,0.370,0.341,0.533,51.2,48.3,,4.7,0.499,15.4,,0.254
Baylor,2004-2005,28,9,19,0.321,-2.79,4.10,,1,15,,8,9,,1,9,,1863,2008,,,,0.363,0.411,0.551,45.6,58.3,,3.6,0.519,20.8,,0.254
Belmont,2004-2005,30,14,16,0.467,-7.08,-7.32,,12,8,,9,5,,5,9,,2108,2101,,,,0.337,0.484,0.541,45.1,57.7,,5.8,0.514,18.2,,0.228
Bethune-Cookman,2004-2005,30,13,17,0.433,-15.87,-11.67,,8,10,,6,5,,5,10,,1931,2057,,,,0.321,0.343,0.511,46.1,57.2,,4.5,0.493,20.6,,0.193
Binghamton,2004-2005,29,12,17,0.414,-4.46,-2.56,,8,10,,7,5,,2,10,,1784,1839,,,,0.328,0.375,0.486,50.6,48.4,,6.0,0.454,17.7,,0.215
Birmingham-Southern,2004-2005,30,16,14,0.533,-7.24,-8.24,,7,9,,7,4,,6,9,,1974,1893,,,,0.459,0.401,0.560,52.3,52.0,,4.4,0.517,18.5,,0.331
Boise State,2004-2005,34,16,18,0.471,-2.96,0.60,,6,12,,11,7,,3,10,,2393,2524,,,,0.307,0.370,0.526,49.7,53.3,,4.1,0.497,18.2,,0.210
Boston College NCAA,2004-2005,30,25,5,0.833,14.38,6.42,,13,3,,16,1,,7,2,,2174,1935,,,,0.428,0.293,0.536,53.4,68.6,,7.1,0.493,16.6,,0.305
Boston University,2004-2005,29,20,9,0.690,3.25,-3.86,,14,4,,10,2,,10,6,,1822,1616,,,,0.363,0.270,0.507,50.5,54.0,,9.0,0.473,16.3,,0.244
Bowling Green State,2004-2005,29,18,11,0.621,2.01,1.80,,10,8,,12,3,,6,7,,2023,1990,,,,0.364,0.335,0.586,50.3,68.0,,7.3,0.552,20.1,,0.272
Bradley,2004-2005,28,13,15,0.464,3.24,4.56,,6,12,,12,3,,1,11,,1959,1996,,,,0.358,0.291,0.519,51.7,54.2,,8.8,0.480,19.1,,0.254
Brigham Young,2004-2005,30,9,21,0.300,1.01,6.69,,3,11,,6,8,,2,9,,1972,2070,,,,0.322,0.354,0.519,49.4,53.6,,6.3,0.483,18.8,,0.231
Brown,2004-2005,28,12,16,0.429,-7.29,-5.54,,5,9,,5,6,,6,9,,1849,1898,,,,0.396,0.381,0.525,46.8,60.3,,4.3,0.486,18.6,,0.275
Bucknell NCAA,2004-2005,33,23,10,0.697,2.12,-2.19,,10,4,,12,1,,8,7,,2097,1946,,,,0.424,0.373,0.551,50.3,59.1,,5.8,0.513,21.1,,0.297
Buffalo,2004-2005,33,23,10,0.697,5.93,2.36,,11,7,,13,2,,8,7,,2462,2344,,,,0.368,0.318,0.538,51.4,52.5,,4.6,0.507,18.2,,0.252
Butler,2004-2005,28,13,15,0.464,0.63,-0.83,,7,9,,10,4,,3,9,,1811,1709,,,,0.320,0.462,0.572,45.5,53.1,,4.2,0.541,15.1,,0.237
Cal Poly,2004-2005,27,5,22,0.185,-12.77,-0.56,,3,15,,4,10,,1,12,,1834,2147,,,,0.341,0.359,0.528,47.8,44.7,,5.0,0.487,20.5,,0.253
Cal State Fullerton,2004-2005,32,21,11,0.656,0.30,-0.84,,12,6,,10,2,,9,7,,2408,2289,,,,0.222,0.348,0.530,52.9,51.3,,3.0,0.509,15.7,,0.153
Cal State Northridge,2004-2005,31,18,13,0.581,1.73,-0.98,,12,6,,9,2,,7,9,,2229,2085,,,,0.405,0.293,0.543,49.4,55.8,,4.8,0.504,19.6,,0.287
California,2004-2005,29,13,16,0.448,2.58,5.96,,6,12,,8,9,,4,6,,1956,2054,,,,0.359,0.209,0.508,50.0,57.2,,5.7,0.482,18.3,,0.225
Campbell,2004-2005,27,2,25,0.074,-20.80,-6.58,,0,20,,1,10,,1,15,,1681,2065,,,,0.331,0.269,0.478,51.4,47.2,,2.6,0.450,22.4,,0.206
Canisius,2004-2005,29,11,18,0.379,-8.79,-4.52,,8,10,,8,7,,3,11,,2089,2213,,,,0.309,0.311,0.522,47.5,49.8,,6.7,0.492,16.4,,0.213
Centenary (LA),2004-2005,27,3,24,0.111,-16.77,-1.84,,1,15,,2,9,,1,14,,1734,2103,,,,0.365,0.345,0.521,44.9,51.2,,3.2,0.482,21.4,,0.260
Central Connecticut State,2004-2005,28,12,16,0.429,-8.26,-7.23,,8,10,,7,6,,5,9,,1919,1948,,,,0.345,0.331,0.543,51.7,56.7,,3.4,0.506,18.7,,0.252
Central Michigan,2004-2005,28,10,18,0.357,-6.13,2.75,,4,14,,8,7,,2,11,,1855,2102,,,,0.375,0.344,0.517,48.0,53.2,,4.6,0.479,21.5,,0.261
Charleston Southern,2004-2005,30,13,17,0.433,-12.50,-6.53,,7,9,,7,6,,5,9,,1762,1913,,,,0.314,0.289,0.505,49.6,55.8,,6.4,0.480,21.4,,0.201
Charlotte NCAA,2004-2005,29,21,8,0.724,9.62,3.97,,12,4,,12,2,,7,5,,2257,2093,,,,0.413,0.357,0.534,51.0,53.6,,8.2,0.497,15.5,,0.282
Chattanooga NCAA,2004-2005,31,20,11,0.645,-1.37,-3.58,,10,6,,13,3,,7,7,,2253,2034,,,,0.418,0.317,0.538,57.5,56.6,,3.4,0.503,20.4,,0.284
Chicago State,2004-2005,28,9,19,0.321,-7.43,-1.29,,7,9,,6,4,,2,14,,1808,1980,,,,0.373,0.305,0.506,46.4,50.6,,6.6,0.479,17.6,,0.232
Cincinnati NCAA,2004-2005,33,25,8,0.758,17.64,6.74,,12,4,,15,2,,7,3,,2505,2130,,,,0.457,0.330,0.535,52.9,58.8,,11.2,0.494,15.7,,0.315
Clemson,2004-2005,32,16,16,0.500,11.23,8.85,,5,11,,10,5,,4,8,,2294,2218,,,,0.383,0.317,0.517,51.4,55.6,,9.4,0.496,20.3,,0.230
Cleveland State,2004-2005,26,9,17,0.346,-4.64,0.58,,6,10,,7,5,,2,12,,1772,1872,,,,0.376,0.384,0.523,49.7,61.6,,3.5,0.486,20.2,,0.261
Coastal Carolina,2004-2005,29,10,19,0.345,-11.90,-6.63,,7,9,,8,5,,2,13,,1976,2068,,,,0.303,0.336,0.512,49.2,57.3,,3.4,0.489,17.4,,0.195
Colgate,2004-2005,28,12,16,0.429,-8.63,-4.97,,7,7,,8,4,,4,9,,1848,1904,,,,0.285,0.328,0.526,47.9,52.7,,5.1,0.496,19.0,,0.202
College of Charleston,2004-2005,28,18,10,0.643,-0.69,-5.01,,10,6,,13,3,,4,6,,2018,1897,,,,0.326,0.322,0.511,49.4,57.6,,5.7,0.473,16.1,,0.233
Colorado,2004-2005,30,14,16,0.467,4.91,8.49,,4,12,,9,6,,4,9,,2147,2218,,,,0.342,0.356,0.521,48.8,54.3,,8.9,0.497,16.9,,0.215
Colorado State,2004-2005,28,11,17,0.393,2.36,3.88,,3,11,,11,4,,0,12,,1966,1943,,,,0.464,0.285,0.563,51.3,63.0,,9.4,0.517,20.3,,0.339
Columbia,2004-2005,27,12,15,0.444,-8.56,-6.56,,3,11,,8,5,,4,9,,1734,1773,,,,0.363,0.393,0.528,51.8,62.4,,6.7,0.492,22.4,,0.253
Connecticut NCAA,2004-2005,31,23,8,0.742,18.81,7.62,,13,3,,14,3,,7,3,,2419,2072,,,,0.413,0.260,0.540,57.1,61.6,,13.7,0.502,17.3,,0.289
Coppin State,2004-2005,29,14,15,0.483,-8.51,-6.16,,13,5,,6,3,,7,11,,1765,1833,,,,0.434,0.236,0.479,48.3,46.2,,6.3,0.428,18.9,,0.300
Cornell,2004-2005,27,13,14,0.481,-7.65,-5.46,,8,6,,7,4,,6,9,,1733,1788,,,,0.312,0.355,0.551,48.7,57.7,,5.9,0.515,19.8,,0.234
Creighton NCAA,2004-2005,34,23,11,0.676,10.14,3.85,,11,7,,11,5,,7,5,,2421,2207,,,,0.363,0.388,0.567,47.8,58.7,,6.1,0.533,16.2,,0.265
Dartmouth,2004-2005,27,10,17,0.370,-11.20,-4.12,,7,7,,9,4,,1,13,,1568,1740,,,,0.303,0.318,0.499,46.2,60.7,,6.9,0.473,19.5,,0.196
Davidson,2004-2005,32,23,9,0.719,1.65,-1.08,,16,0,,11,3,,11,4,,2316,2102,,,,0.352,0.434,0.551,53.8,60.2,,2.5,0.513,18.3,,0.260
Dayton,2004-2005,29,18,11,0.621,3.52,0.38,,10,6,,12,4,,5,6,,1877,1786,,,,0.334,0.381,0.521,51.2,60.6,,4.0,0.483,17.4,,0.241
Delaware,2004-2005,31,11,20,0.355,-5.66,-2.47,,7,11,,7,6,,3,11,,2017,2116,,,,0.353,0.340,0.513,50.0,55.3,,5.1,0.483,20.9,,0.231
Delaware State NCAA,2004-2005,33,19,14,0.576,-6.68,-6.89,,14,4,,9,1,,6,11,,2043,2036,,,,0.421,0.392,0.537,47.0,52.6,,5.8,0.488,19.5,,0.313
Denver,2004-2005,31,20,11,0.645,4.55,-0.45,,12,3,,12,1,,6,9,,2266,2076,,,,0.347,0.302,0.561,47.9,58.9,,8.2,0.532,16.7,,0.243
DePaul,2004-2005,31,20,11,0.645,8.94,4.62,,10,6,,14,3,,5,7,,2120,1986,,,,0.341,0.295,0.524,53.6,56.3,,6.4,0.493,15.6,,0.233
Detroit Mercy,2004-2005,30,14,16,0.467,1.62,1.00,,9,7,,9,5,,3,11,,1840,1809,,,,0.350,0.262,0.506,54.7,47.9,,5.9,0.476,17.7,,0.229
Drake,2004-2005,29,13,16,0.448,2.26,4.57,,7,11,,9,6,,3,9,,2010,2077,,,,0.464,0.334,0.527,52.5,53.3,,5.4,0.475,19.3,,0.335
Drexel,2004-2005,29,17,12,0.586,1.82,-1.91,,12,6,,8,3,,8,8,,2022,1914,,,,0.419,0.368,0.535,48.7,59.9,,8.9,0.500,15.7,,0.283
Duke NCAA,2004-2005,33,27,6,0.818,23.01,10.05,,11,5,,14,1,,5,4,,2581,2153,,,,0.429,0.398,0.560,51.1,49.4,,11.0,0.521,16.5,,0.305
Duquesne,2004-2005,30,8,22,0.267,-6.60,0.90,,5,11,,4,9,,3,11,,2014,2239,,,,0.267,0.311,0.507,48.0,59.6,,7.2,0.469,17.3,,0.204
East Carolina,2004-2005,28,9,19,0.321,-2.61,5.70,,4,12,,6,7,,1,11,,1793,1934,,,,0.386,0.257,0.472,52.4,54.6,,7.4,0.436,19.1,,0.243
East Tennessee State,2004-2005,29,10,19,0.345,-9.75,-3.25,,4,12,,8,6,,1,13,,2228,2283,,,,0.313,0.293,0.535,49.3,41.6,,3.8,0.509,19.2,,0.213
Eastern Illinois,2004-2005,28,12,16,0.429,-7.74,-3.08,,7,9,,9,4,,2,12,,1914,2016,,,,0.364,0.303,0.545,51.0,57.7,,6.1,0.507,20.2,,0.266
Eastern Kentucky NCAA,2004-2005,31,22,9,0.710,-2.68,-5.18,,11,5,,12,1,,8,7,,2256,2078,,,,0.313,0.311,0.554,52.1,56.8,,7.2,0.531,18.1,,0.210
Eastern Michigan,2004-2005,30,12,18,0.400,-2.33,0.82,,5,13,,9,5,,1,12,,2178,2204,,,,0.505,0.312,0.540,48.3,52.5,,4.5,0.494,18.4,,0.350
Eastern Washington,2004-2005,28,8,20,0.286,-8.61,-2.35,,5,9,,5,6,,2,13,,1736,1893,,,,0.346,0.364,0.509,49.1,63.5,,3.4,0.478,21.1,,0.229
Elon,2004-2005,31,8,23,0.258,-10.92,-2.79,,5,11,,5,8,,2,13,,1868,2090,,66.3,90.2,0.367,0.334,0.492,47.9,50.8,11.6,5.8,0.464,20.0,28.5,0.227
Evansville,2004-2005,28,11,17,0.393,0.86,2.96,,5,13,,10,5,,1,10,,1986,2045,,,,0.357,0.392,0.553,47.1,63.0,,3.7,0.528,18.1,,0.239
Fairfield,2004-2005,30,15,15,0.500,-2.19,-3.23,,11,7,,7,5,,6,8,,2041,2010,,,,0.328,0.303,0.511,49.4,59.5,,11.7,0.472,16.4,,0.237
FDU NCAA,2004-2005,33,20,13,0.606,-4.13,-6.91,,13,5,,12,3,,7,8,,2432,2310,,,,0.324,0.317,0.534,50.8,55.7,,7.8,0.508,17.0,,0.216
Florida NCAA,2004-2005,32,24,8,0.750,20.19,7.13,,12,4,,13,3,,6,4,,2438,2020,,,,0.409,0.358,0.583,54.2,56.3,,8.4,0.552,17.5,,0.289
Florida A&M,2004-2005,29,14,15,0.483,-15.07,-9.24,,10,8,,7,3,,6,11,,1972,2141,,,,0.380,0.288,0.506,50.4,46.7,,2.5,0.473,20.5,,0.250
Florida Atlantic,2004-2005,27,10,17,0.370,-9.02,-7.13,,10,10,,3,8,,7,8,,2073,2124,,,,0.353,0.323,0.522,50.7,47.7,,7.2,0.496,19.0,,0.227
Florida International,2004-2005,30,13,17,0.433,-3.91,0.33,,4,10,,8,7,,3,9,,2028,2136,,,,0.471,0.277,0.522,53.8,56.3,,5.8,0.486,22.5,,0.305
Florida State,2004-2005,31,12,19,0.387,6.82,8.99,,4,12,,9,7,,3,8,,2128,2170,,,,0.375,0.333,0.541,49.0,52.1,,5.8,0.512,20.1,,0.249
Fordham,2004-2005,29,13,16,0.448,-1.79,-0.34,,8,8,,9,4,,3,10,,1829,1871,,,,0.349,0.364,0.511,49.7,59.0,,7.7,0.484,21.0,,0.224
Fresno State,2004-2005,30,16,14,0.533,1.13,0.31,,9,9,,10,6,,5,7,,2143,2109,,,,0.359,0.353,0.526,51.0,58.8,,6.5,0.498,19.0,,0.235
Furman,2004-2005,29,16,13,0.552,-3.96,-3.72,,9,7,,11,2,,5,8,,2120,1903,,,,0.306,0.421,0.575,49.3,62.3,,4.0,0.552,18.8,,0.214
Gardner-Webb,2004-2005,30,18,12,0.600,-5.88,-8.10,,13,7,,11,2,,5,9,,2172,2055,,,,0.299,0.391,0.526,51.6,57.3,,5.4,0.495,18.3,,0.211
George Mason,2004-2005,29,16,13,0.552,0.93,-2.83,,10,8,,10,2,,5,8,,2127,2018,,,,0.397,0.338,0.544,48.8,56.8,,5.5,0.509,15.5,,0.276
George Washington NCAA,2004-2005,30,22,8,0.733,10.62,1.05,,11,5,,10,3,,8,4,,2308,2021,,,,0.396,0.255,0.555,52.2,58.1,,7.6,0.522,17.7,,0.274
Georgetown,2004-2005,32,19,13,0.594,9.86,6.54,,8,8,,12,5,,4,6,,2061,1955,,,,0.301,0.426,0.557,49.6,63.0,,9.1,0.530,19.2,,0.212
Georgia,2004-2005,28,8,20,0.286,-1.21,6.47,,2,14,,8,9,,0,9,,1683,1898,,,,0.384,0.346,0.481,47.1,46.3,,6.3,0.447,19.6,,0.243
Georgia Southern,2004-2005,31,18,13,0.581,-2.32,-5.32,,10,6,,12,1,,5,9,,2506,2331,,,,0.374,0.301,0.520,49.9,52.5,,7.6,0.478,16.7,,0.268
Georgia State,2004-2005,29,14,15,0.483,-8.09,-5.66,,11,9,,8,4,,5,11,,2049,2097,,,,0.293,0.413,0.531,47.3,51.9,,8.1,0.502,16.4,,0.205
Georgia Tech NCAA,2004-2005,32,20,12,0.625,17.21,9.77,,8,8,,13,3,,4,6,,2371,2133,,,,0.372,0.304,0.537,51.6,55.5,,8.6,0.503,17.9,,0.257
Gonzaga NCAA,2004-2005,31,26,5,0.839,13.29,4.36,,12,2,,14,0,,6,3,,2454,2159,,,,0.468,0.237,0.590,55.8,56.8,,5.8,0.548,16.7,,0.346
Grambling,2004-2005,26,14,12,0.538,-17.12,-12.75,,11,7,,9,3,,5,8,,1732,1806,,,,0.312,0.323,0.488,48.5,58.8,,6.3,0.464,18.8,,0.192
Green Bay,2004-2005,28,17,11,0.607,-1.94,-0.09,,10,6,,10,4,,7,6,,1883,1927,,,,0.341,0.327,0.549,47.4,57.5,,3.7,0.512,17.7,,0.251
Hampton,2004-2005,30,17,13,0.567,-9.20,-10.97,,13,5,,7,2,,8,9,,1973,1920,,,,0.430,0.275,0.511,51.8,51.1,,5.0,0.483,21.3,,0.264
Hartford,2004-2005,28,8,20,0.286,-15.12,-4.23,,4,14,,7,5,,0,13,,1665,1954,,,,0.265,0.277,0.457,48.2,39.7,,3.8,0.431,18.3,,0.167
Harvard,2004-2005,27,12,15,0.444,-6.73,-4.47,,7,7,,8,4,,4,10,,1813,1874,,,,0.353,0.337,0.516,51.3,55.8,,6.2,0.478,21.2,,0.249
Hawaii,2004-2005,29,16,13,0.552,4.06,1.86,,7,11,,13,4,,2,8,,1990,1926,,,,0.280,0.310,0.514,49.5,65.8,,7.4,0.490,16.1,,0.185
High Point,2004-2005,31,13,18,0.419,-7.69,-7.39,,7,9,,10,4,,3,12,,2310,2206,,,,0.388,0.301,0.519,51.3,54.2,,5.9,0.488,18.9,,0.252
Hofstra,2004-2005,30,21,9,0.700,2.74,-2.53,,12,6,,10,2,,10,6,,2157,1982,,,,0.371,0.361,0.540,51.0,51.4,,8.2,0.514,17.4,,0.242
Holy Cross,2004-2005,32,25,7,0.781,5.89,-4.21,,13,1,,13,3,,12,4,,2140,1817,,,,0.365,0.318,0.526,53.2,58.7,,10.2,0.497,17.5,,0.240
Houston,2004-2005,32,18,14,0.563,4.63,3.91,,9,7,,12,2,,4,10,,2226,2203,,,,0.316,0.427,0.498,46.2,50.1,,8.6,0.472,15.1,,0.200
Howard,2004-2005,28,5,23,0.179,-20.49,-9.84,,2,16,,2,9,,3,13,,1792,2065,,,,0.320,0.393,0.469,46.1,43.1,,5.8,0.433,18.7,,0.215
Idaho,2004-2005,30,8,22,0.267,-6.94,-1.55,,6,12,,6,6,,2,13,,1856,1979,,,,0.275,0.301,0.482,49.4,47.8,,5.6,0.457,16.7,,0.176
Idaho State,2004-2005,27,9,18,0.333,-14.85,-5.90,,3,11,,7,6,,1,11,,1776,1893,,,,0.409,0.319,0.508,46.2,56.7,,6.7,0.465,18.8,,0.284
Illinois NCAA,2004-2005,39,37,2,0.949,24.11,8.48,,15,1,,15,0,,9,1,,3002,2382,,,,0.288,0.388,0.585,52.3,66.6,,5.9,0.560,14.3,,0.210
Illinois State,2004-2005,30,17,13,0.567,3.59,3.34,,8,10,,10,5,,5,7,,2003,1961,,,,0.366,0.348,0.546,49.9,59.1,,5.1,0.521,18.8,,0.240
Illinois-Chicago,2004-2005,29,15,14,0.517,1.14,1.11,,8,8,,10,5,,5,8,,2035,1994,,,,0.345,0.266,0.517,51.5,52.0,,5.5,0.483,15.9,,0.238
Indiana,2004-2005,29,15,14,0.517,10.19,10.02,,10,6,,12,4,,2,8,,1850,1845,,,,0.391,0.345,0.525,47.9,53.7,,8.6,0.483,17.5,,0.279
Indiana State,2004-2005,31,11,20,0.355,0.60,4.44,,5,13,,10,4,,0,12,,1890,2009,,,,0.390,0.306,0.491,47.9,57.0,,3.2,0.446,17.3,,0.273
Iona,2004-2005,31,15,16,0.484,-3.11,-3.43,,9,9,,9,4,,3,11,,2221,2211,,,,0.415,0.239,0.531,50.1,58.4,,10.3,0.489,18.5,,0.293
Iowa NCAA,2004-2005,33,21,12,0.636,14.98,9.34,,7,9,,13,3,,3,6,,2407,2221,,,,0.407,0.305,0.551,50.9,59.6,,9.2,0.517,17.9,,0.281
Iowa State NCAA,2004-2005,31,19,12,0.613,11.37,8.40,,9,7,,13,3,,4,7,,2112,2005,,,,0.352,0.216,0.504,49.6,56.6,,6.9,0.469,16.2,,0.240
IU Indy,2004-2005,29,16,13,0.552,-0.56,-2.15,,9,7,,9,4,,5,8,,2068,1991,,,,0.318,0.392,0.540,49.7,56.6,,5.7,0.511,14.5,,0.221
Jackson State,2004-2005,32,15,17,0.469,-15.63,-10.76,,10,8,,9,5,,5,9,,2058,2196,,,,0.343,0.273,0.461,48.6,51.4,,8.3,0.420,20.1,,0.233
Jacksonville,2004-2005,29,16,13,0.552,-13.98,-9.50,,11,9,,9,5,,6,7,,2049,2159,,,,0.409,0.284,0.536,47.7,55.0,,9.2,0.508,21.5,,0.264
Jacksonville State,2004-2005,29,7,22,0.241,-12.85,-4.92,,2,14,,6,6,,0,13,,2013,2178,,67.9,100.9,0.360,0.315,0.540,49.0,53.9,10.9,9.2,0.503,18.7,31.2,0.259
James Madison,2004-2005,28,6,22,0.214,-14.41,-2.22,,3,15,,4,9,,2,12,,1695,2022,,,,0.397,0.285,0.492,48.4,50.2,,6.5,0.455,21.9,,0.260
Kansas NCAA,2004-2005,30,23,7,0.767,20.68,10.85,,12,4,,15,1,,6,4,,2251,1956,,,,0.385,0.320,0.565,52.4,61.8,,6.7,0.534,17.9,,0.268
Kansas City,2004-2005,28,16,12,0.571,-3.34,-2.68,,12,4,,9,4,,7,7,,2060,2023,,,,0.375,0.353,0.547,48.8,55.8,,5.0,0.515,16.2,,0.259
Kansas State,2004-2005,29,17,12,0.586,9.98,7.72,,6,10,,13,5,,2,6,,2003,1911,,,,0.371,0.273,0.525,51.5,64.7,,3.9,0.490,15.9,,0.254
Kent State,2004-2005,33,20,13,0.606,5.53,2.85,,11,7,,12,2,,5,10,,2322,2209,,,,0.328,0.360,0.537,50.8,60.6,,3.3,0.508,17.4,,0.225
Kentucky NCAA,2004-2005,34,28,6,0.824,19.16,8.10,,14,2,,14,1,,7,3,,2503,2127,,,,0.375,0.327,0.548,50.9,56.5,,8.0,0.521,16.3,,0.249
La Salle,2004-2005,29,10,19,0.345,-4.39,1.16,,5,11,,4,7,,5,10,,1817,1978,,,,0.333,0.428,0.515,44.6,59.3,,3.7,0.475,18.3,,0.242
Lafayette,2004-2005,28,9,19,0.321,-11.65,-2.91,,5,9,,7,6,,2,13,,1879,2098,,,,0.368,0.399,0.510,48.3,54.8,,5.1,0.464,21.2,,0.270
Lamar,2004-2005,29,18,11,0.621,-2.19,-4.39,,9,7,,12,4,,6,7,,2338,2167,,,,0.435,0.306,0.529,49.6,54.7,,7.4,0.492,16.9,,0.293
Lehigh,2004-2005,29,14,15,0.483,-6.73,-6.77,,7,7,,8,5,,5,10,,1783,1756,,,,0.400,0.357,0.495,49.8,64.7,,4.3,0.447,18.1,,0.283
Liberty,2004-2005,28,13,15,0.464,-12.82,-6.01,,11,5,,8,5,,5,10,,1902,2082,,,,0.405,0.318,0.499,49.7,52.3,,5.0,0.465,18.9,,0.260
Lipscomb,2004-2005,28,16,12,0.571,-12.11,-10.49,,11,9,,12,2,,4,9,,1939,1936,,68.1,100.3,0.367,0.378,0.525,53.1,54.1,9.2,6.2,0.496,19.4,35.2,0.241
Little Rock,2004-2005,28,18,10,0.643,-0.47,0.89,,10,4,,13,1,,4,8,,1891,1870,,,,0.387,0.261,0.544,49.4,55.7,,5.8,0.504,19.6,,0.282
Long Beach State,2004-2005,30,10,20,0.333,-6.21,-0.14,,7,11,,8,5,,1,13,,1820,1990,,,,0.320,0.313,0.494,50.1,50.8,,5.6,0.464,20.8,,0.211
Long Island University,2004-2005,29,14,15,0.483,-12.31,-7.92,,10,8,,10,3,,4,11,,1955,2068,,,,0.362,0.363,0.512,49.3,54.5,,4.1,0.480,19.3,,0.239
Longwood,2004-2005,31,1,30,0.032,,,,,,,1,8,,0,13,,1978,2490,,73.7,85.5,0.236,0.334,0.457,47.2,53.1,9.2,9.3,0.434,19.7,29.9,0.149
Louisiana NCAA,2004-2005,31,20,11,0.645,5.70,1.90,,11,4,,11,1,,5,9,,2239,2109,,,,0.363,0.334,0.530,52.2,46.6,,5.3,0.502,18.6,,0.239
Louisiana State NCAA,2004-2005,30,20,10,0.667,11.60,7.77,,12,4,,14,1,,4,6,,2257,2142,,,,0.405,0.338,0.560,53.3,57.0,,7.3,0.520,16.7,,0.296
Louisiana Tech,2004-2005,29,14,15,0.483,1.06,1.23,,9,9,,8,4,,5,9,,2040,2045,,,,0.377,0.273,0.510,51.9,60.2,,4.6,0.485,17.9,,0.234
Louisiana-Monroe,2004-2005,27,8,19,0.296,-13.52,-4.81,,2,14,,6,7,,2,12,,1751,1895,,,,0.357,0.294,0.505,50.5,53.4,,5.8,0.478,20.5,,0.226
Louisville NCAA,2004-2005,38,33,5,0.868,22.56,6.17,,14,2,,15,2,,10,1,,3066,2436,,,,0.436,0.418,0.586,54.1,58.4,,7.0,0.550,17.0,,0.315
Loyola (IL),2004-2005,30,13,17,0.433,-1.68,1.01,,8,8,,7,6,,5,11,,2018,2081,,,,0.350,0.335,0.536,47.1,51.5,,6.5,0.504,19.8,,0.242
Loyola (MD),2004-2005,28,6,22,0.214,-14.01,-4.41,,5,13,,5,8,,1,12,,1846,2115,,,,0.424,0.244,0.497,50.3,52.1,,4.7,0.456,21.0,,0.282
Loyola Marymount,2004-2005,28,11,17,0.393,-1.18,2.86,,3,11,,6,6,,4,10,,1899,1976,,,,0.296,0.260,0.494,48.0,61.7,,5.8,0.455,16.6,,0.217
Maine,2004-2005,29,14,15,0.483,-7.03,-4.21,,8,10,,7,4,,6,9,,1844,1886,,,,0.291,0.350,0.512,51.6,53.6,,7.3,0.479,22.4,,0.208
Manhattan,2004-2005,29,15,14,0.517,-1.12,-2.41,,9,9,,11,2,,3,11,,2118,2037,,,,0.385,0.278,0.526,48.3,50.1,,9.2,0.490,14.9,,0.264
Marist,2004-2005,28,11,17,0.393,-7.02,-4.31,,8,10,,7,6,,4,11,,1961,2037,,,,0.360,0.393,0.546,48.7,63.0,,3.9,0.517,17.4,,0.244
Marquette,2004-2005,31,19,12,0.613,6.57,4.70,,7,9,,15,6,,4,5,,2080,2008,,,,0.388,0.401,0.537,54.3,61.1,,5.2,0.498,18.8,,0.276
Marshall,2004-2005,28,6,22,0.214,-3.47,3.64,,3,15,,4,8,,1,13,,1869,2068,,,,0.371,0.392,0.522,48.7,53.6,,5.6,0.482,18.6,,0.263
Maryland,2004-2005,32,19,13,0.594,13.76,7.88,,7,9,,15,4,,2,7,,2620,2432,,,,0.394,0.259,0.527,52.0,54.2,,9.5,0.482,17.1,,0.287
Maryland-Baltimore County,2004-2005,29,11,18,0.379,-11.66,-5.48,,5,13,,8,5,,2,12,,1777,1924,,65.1,94.1,0.347,0.295,0.474,49.8,59.8,9.3,8.4,0.443,16.9,34.4,0.218
Maryland-Eastern Shore,2004-2005,28,2,26,0.071,-33.11,-10.04,,1,17,,1,11,,1,14,,1581,2227,,,,0.391,0.350,0.461,47.1,49.7,,3.5,0.427,26.7,,0.238
Massachusetts,2004-2005,28,16,12,0.571,0.12,1.51,,9,7,,12,5,,4,6,,1802,1841,,,,0.353,0.333,0.519,49.7,64.3,,9.0,0.487,20.0,,0.238
McNeese State,2004-2005,28,13,15,0.464,-8.41,-4.28,,8,8,,10,4,,3,11,,2090,2070,,,,0.372,0.298,0.527,50.7,52.6,,5.9,0.492,19.7,,0.257
Memphis,2004-2005,38,22,16,0.579,11.29,5.40,,9,7,,16,7,,5,5,,2714,2490,,,,0.440,0.349,0.525,52.0,50.4,,9.5,0.484,17.8,,0.301
Mercer,2004-2005,28,16,12,0.571,-8.54,-9.77,,11,9,,10,4,,6,7,,2242,2173,,,,0.346,0.369,0.538,50.3,59.3,,5.1,0.513,17.6,,0.227
Miami (FL),2004-2005,29,16,13,0.552,9.53,7.77,,7,9,,11,6,,5,6,,2071,2020,,,,0.296,0.317,0.514,52.8,44.3,,8.2,0.486,15.7,,0.199
Miami (OH),2004-2005,30,19,11,0.633,7.75,3.65,,12,6,,13,2,,5,8,,1970,1838,,,,0.353,0.359,0.549,54.9,55.4,,4.4,0.521,18.7,,0.240
Michigan,2004-2005,31,13,18,0.419,4.80,7.12,,4,12,,11,7,,2,9,,1911,1983,,,,0.334,0.322,0.529,49.1,54.9,,8.1,0.493,21.2,,0.241
Michigan State NCAA,2004-2005,33,26,7,0.788,20.47,7.41,,13,3,,14,1,,6,4,,2590,2159,,,,0.373,0.328,0.587,55.2,61.8,,5.0,0.546,17.0,,0.290
Middle Tennessee,2004-2005,31,19,12,0.613,2.29,-1.44,,7,7,,11,3,,5,7,,2212,2028,,,,0.383,0.319,0.530,53.9,46.5,,4.2,0.492,17.5,,0.268
Milwaukee NCAA,2004-2005,32,26,6,0.813,10.42,1.45,,14,2,,13,1,,11,3,,2400,2059,,,,0.364,0.395,0.550,50.7,54.2,,6.5,0.517,16.6,,0.256
Minnesota NCAA,2004-2005,32,21,11,0.656,12.10,7.00,,10,6,,14,3,,5,4,,2175,2012,,,,0.384,0.285,0.539,52.0,58.8,,8.5,0.501,20.4,,0.271
Mississippi,2004-2005,31,14,17,0.452,5.43,5.72,,4,12,,8,6,,3,8,,1979,1988,,,,0.290,0.351,0.527,49.1,61.6,,4.3,0.511,18.8,,0.176
Mississippi State NCAA,2004-2005,34,23,11,0.676,12.55,6.05,,9,7,,11,2,,5,5,,2466,2245,,,,0.404,0.301,0.528,55.8,54.6,,5.7,0.495,17.7,,0.269
Mississippi Valley State,2004-2005,28,13,15,0.464,-10.88,-11.95,,11,7,,8,2,,4,11,,1875,1845,,,,0.259,0.377,0.495,49.4,47.8,,8.8,0.468,17.3,,0.176
Missouri,2004-2005,33,16,17,0.485,7.30,9.24,,7,9,,14,5,,1,8,,2124,2188,,,,0.394,0.396,0.509,50.8,56.7,,4.1,0.470,18.6,,0.269
Missouri State,2004-2005,32,19,13,0.594,9.89,4.52,,10,8,,13,4,,4,8,,2339,2167,,,,0.450,0.243,0.540,54.3,58.6,,11.2,0.490,18.1,,0.330
Monmouth,2004-2005,29,16,13,0.552,-6.58,-7.03,,14,4,,9,5,,7,8,,1845,1832,,,,0.386,0.402,0.552,46.6,66.5,,4.3,0.505,19.2,,0.298
Montana NCAA,2004-2005,31,18,13,0.581,-3.64,-3.50,,9,5,,12,2,,4,10,,2152,2132,,,,0.460,0.320,0.550,52.6,57.7,,5.1,0.514,21.2,,0.311
Montana State,2004-2005,28,14,14,0.500,-6.73,-4.78,,9,5,,11,3,,3,9,,1893,1888,,,,0.284,0.413,0.529,47.6,56.9,,7.3,0.505,19.3,,0.189
Morehead State,2004-2005,27,11,16,0.407,-14.37,-4.54,,5,11,,7,6,,3,10,,1706,1885,,,,0.386,0.277,0.549,47.9,62.4,,3.0,0.503,22.4,,0.294
Morgan State,2004-2005,30,14,16,0.467,-13.15,-10.92,,11,7,,10,1,,3,12,,1962,2029,,,,0.337,0.280,0.498,48.9,54.3,,4.4,0.474,19.8,,0.208
Mount St. Mary's,2004-2005,27,7,20,0.259,-15.70,-8.24,,5,13,,3,8,,3,11,,1765,1936,,,,0.312,0.373,0.508,47.5,53.3,,2.4,0.480,18.7,,0.207
Murray State,2004-2005,28,17,11,0.607,0.30,-3.46,,11,5,,10,4,,6,7,,1997,1841,,,,0.317,0.342,0.537,52.7,56.2,,5.9,0.515,16.1,,0.205
Navy,2004-2005,28,9,19,0.321,-12.31,-7.08,,5,9,,6,7,,3,11,,1951,2084,,,,0.422,0.330,0.487,53.3,51.1,,4.2,0.448,21.4,,0.275
NC State NCAA,2004-2005,35,21,14,0.600,16.15,9.15,,7,9,,11,6,,5,6,,2559,2314,,,,0.387,0.415,0.564,48.3,60.7,,8.4,0.532,16.1,,0.273
Nebraska,2004-2005,28,14,14,0.500,9.39,6.39,,7,9,,10,6,,4,7,,1905,1790,,,,0.398,0.353,0.515,53.7,57.5,,7.4,0.481,17.7,,0.263
Nevada NCAA,2004-2005,32,25,7,0.781,9.25,3.02,,16,2,,13,4,,11,2,,2225,1974,,,,0.454,0.186,0.529,55.3,60.7,,8.9,0.482,18.1,,0.321
Nevada-Las Vegas,2004-2005,31,17,14,0.548,6.11,5.61,,7,7,,10,6,,6,7,,2272,2245,,,,0.349,0.328,0.540,49.9,54.0,,6.4,0.507,17.6,,0.244
New Hampshire,2004-2005,28,9,19,0.321,-10.06,-3.95,,5,13,,6,6,,3,12,,1816,1947,,,,0.342,0.350,0.527,47.9,57.7,,4.5,0.497,20.8,,0.231
New Mexico NCAA,2004-2005,33,26,7,0.788,11.08,1.50,,10,4,,18,1,,5,5,,2492,2121,,,,0.436,0.397,0.596,51.6,57.4,,6.2,0.571,17.8,,0.296
New Mexico State,2004-2005,30,6,24,0.200,-9.19,0.71,,1,14,,3,11,,1,11,,2024,2265,,,,0.326,0.362,0.520,46.6,49.0,,4.9,0.492,19.9,,0.217
New Orleans,2004-2005,30,13,17,0.433,-3.22,0.09,,7,8,,9,3,,3,10,,2001,2078,,,,0.359,0.270,0.499,49.7,54.9,,4.1,0.470,15.9,,0.228
Niagara NCAA,2004-2005,30,20,10,0.667,3.12,-3.09,,13,5,,13,0,,5,9,,2537,2351,,,,0.413,0.393,0.554,54.7,56.8,,5.4,0.505,14.5,,0.314
Nicholls State,2004-2005,27,6,21,0.222,-16.68,-5.64,,1,15,,6,7,,0,14,,1936,2119,,,,0.356,0.392,0.506,47.6,54.3,,2.0,0.462,17.5,,0.258
Norfolk State,2004-2005,27,13,14,0.481,-11.27,-11.71,,11,7,,6,4,,7,9,,1677,1665,,,,0.424,0.289,0.497,52.0,51.3,,7.2,0.463,21.6,,0.267
North Carolina NCAA,2004-2005,37,33,4,0.892,28.42,10.66,,14,2,,15,0,,8,2,,3257,2600,,,,0.442,0.304,0.596,55.1,62.6,,6.2,0.560,17.8,,0.320
North Carolina A&T,2004-2005,30,6,24,0.200,-17.11,-7.68,,5,13,,5,7,,1,14,,1936,2219,,,,0.346,0.374,0.466,44.9,49.6,,6.1,0.436,22.7,,0.213
North Texas,2004-2005,28,14,14,0.500,-4.27,-1.01,,6,9,,9,7,,4,7,,2072,2064,,,,0.374,0.291,0.516,50.9,45.1,,7.1,0.476,18.2,,0.263
Northeastern,2004-2005,31,21,10,0.677,0.51,-2.97,,15,3,,10,2,,8,7,,2277,2169,,,,0.314,0.390,0.534,45.9,49.8,,10.3,0.503,16.4,,0.223
Northern Arizona,2004-2005,28,11,17,0.393,-6.62,-5.38,,4,10,,8,4,,1,11,,2139,2114,,,,0.386,0.359,0.557,50.6,56.0,,2.4,0.522,18.5,,0.275
Northern Colorado,2004-2005,29,8,21,0.276,,,,,,,2,3,,0,13,,1933,2166,,69.2,95.6,0.338,0.341,0.528,49.3,59.5,10.0,6.2,0.502,21.6,32.4,0.222
Northern Illinois,2004-2005,28,11,17,0.393,1.31,2.10,,7,11,,7,4,,3,13,,1916,1938,,,,0.336,0.339,0.556,49.5,61.0,,7.9,0.518,18.7,,0.252
Northern Iowa NCAA,2004-2005,32,21,11,0.656,10.12,5.29,,11,7,,13,2,,6,7,,2311,2127,,,,0.318,0.336,0.569,50.8,58.0,,7.9,0.545,15.5,,0.222
Northwestern,2004-2005,31,15,16,0.484,4.32,7.38,,6,10,,13,5,,1,9,,1828,1923,,,,0.323,0.381,0.531,45.4,70.3,,5.2,0.514,19.0,,0.197
Northwestern State,2004-2005,33,21,12,0.636,-1.67,-2.47,,13,3,,15,2,,6,8,,2466,2317,,,,0.427,0.283,0.538,53.7,60.8,,6.2,0.498,19.4,,0.299
Notre Dame,2004-2005,29,17,12,0.586,9.39,6.18,,9,7,,13,5,,4,6,,1951,1858,,,,0.303,0.399,0.522,49.8,61.8,,7.6,0.487,15.4,,0.219
Oakland NCAA,2004-2005,32,13,19,0.406,-2.66,0.86,,7,9,,6,5,,3,13,,2269,2352,,,,0.372,0.329,0.534,48.9,58.4,,4.4,0.505,15.5,,0.247
Ohio NCAA,2004-2005,32,21,11,0.656,5.39,1.82,,11,7,,13,1,,4,9,,2288,2174,,,,0.479,0.331,0.556,49.6,48.4,,4.9,0.516,17.1,,0.334
Ohio State,2004-2005,32,20,12,0.625,13.15,6.21,,8,8,,15,2,,2,8,,2273,2051,,,,0.263,0.389,0.549,48.8,58.0,,3.5,0.531,15.3,,0.173
Oklahoma NCAA,2004-2005,33,25,8,0.758,19.96,8.84,,12,4,,14,1,,6,3,,2480,2088,,,,0.342,0.302,0.559,53.0,56.3,,7.7,0.532,16.8,,0.236
Oklahoma State NCAA,2004-2005,33,26,7,0.788,21.39,9.67,,11,5,,13,1,,7,4,,2583,2151,,,,0.364,0.308,0.601,54.0,61.0,,4.9,0.562,17.4,,0.284
Old Dominion NCAA,2004-2005,34,28,6,0.824,5.97,-2.59,,15,3,,14,1,,11,4,,2430,2079,,,,0.352,0.319,0.532,51.4,63.5,,8.2,0.497,15.4,,0.246
Oral Roberts,2004-2005,33,25,8,0.758,5.22,-2.06,,13,3,,11,1,,11,5,,2552,2231,,,,0.393,0.276,0.569,53.1,63.5,,5.3,0.533,17.2,,0.285
Oregon,2004-2005,27,14,13,0.519,6.45,6.67,,6,12,,9,5,,3,7,,1915,1921,,,,0.406,0.345,0.549,51.9,53.4,,5.0,0.522,19.1,,0.266
Oregon State,2004-2005,32,17,15,0.531,2.92,4.01,,8,10,,12,2,,2,11,,2328,2363,,,,0.389,0.279,0.538,47.9,53.0,,6.4,0.497,17.9,,0.281
Pacific NCAA,2004-2005,31,27,4,0.871,8.94,1.15,,18,0,,12,1,,13,1,,2258,2011,,,,0.395,0.329,0.595,54.6,58.2,,5.3,0.560,18.3,,0.293
Penn State,2004-2005,30,7,23,0.233,-1.85,7.32,,1,15,,4,10,,1,9,,1903,2121,,,,0.398,0.348,0.508,51.6,58.5,,3.8,0.465,20.3,,0.277
Pennsylvania NCAA,2004-2005,29,20,9,0.690,4.71,-1.98,,13,1,,12,1,,8,7,,1982,1788,,,,0.405,0.356,0.526,53.2,61.4,,6.1,0.494,19.5,,0.267
Pepperdine,2004-2005,31,17,14,0.548,1.67,1.51,,6,8,,9,3,,3,8,,2324,2300,,,,0.396,0.319,0.532,49.6,51.9,,6.1,0.501,16.8,,0.262
Pittsburgh NCAA,2004-2005,29,20,9,0.690,14.53,5.73,,10,6,,13,4,,6,3,,2097,1842,,,,0.432,0.295,0.555,56.3,59.5,,7.5,0.527,18.2,,0.285
Portland,2004-2005,30,15,15,0.500,0.77,0.50,,4,10,,8,5,,5,8,,2069,2042,,,,0.417,0.301,0.539,48.2,53.0,,5.7,0.501,18.3,,0.288
Portland State,2004-2005,28,19,9,0.679,-4.61,-8.19,,11,3,,13,2,,6,7,,2047,1921,,,,0.517,0.304,0.571,51.1,66.5,,7.1,0.544,21.1,,0.334
Prairie View,2004-2005,28,5,23,0.179,-24.74,-9.88,,5,13,,2,9,,3,13,,1594,2010,,,,0.330,0.281,0.436,43.7,39.8,,3.8,0.408,21.1,,0.192
Princeton,2004-2005,28,15,13,0.536,-0.86,-1.90,,6,8,,8,3,,5,10,,1576,1521,,,,0.423,0.492,0.587,46.6,65.7,,7.9,0.547,21.9,,0.316
Providence,2004-2005,31,14,17,0.452,10.04,8.87,,4,12,,9,8,,4,6,,2308,2242,,,,0.302,0.321,0.545,49.6,60.3,,10.1,0.516,18.1,,0.214
Purdue,2004-2005,28,7,21,0.250,5.93,11.08,,3,13,,6,9,,0,10,,1762,1906,,,,0.338,0.296,0.500,50.2,56.1,,9.2,0.465,18.8,,0.230
Purdue Fort Wayne,2004-2005,29,7,22,0.241,-11.57,-1.77,,,,,6,5,,0,16,,1789,2046,,65.6,93.3,0.326,0.365,0.500,49.3,53.1,9.2,9.5,0.472,20.3,32.9,0.210
Quinnipiac,2004-2005,27,10,17,0.370,-14.55,-7.47,,6,12,,7,5,,3,12,,2021,2131,,,,0.353,0.376,0.545,48.9,57.7,,3.9,0.508,18.6,,0.258
Radford,2004-2005,28,12,16,0.429,-12.94,-7.81,,7,9,,7,5,,4,10,,1943,2011,,,,0.338,0.297,0.514,48.2,46.3,,5.1,0.477,16.8,,0.239
Rhode Island,2004-2005,28,6,22,0.214,-5.70,0.52,,4,12,,5,9,,1,12,,1620,1794,,,,0.344,0.311,0.455,53.1,52.6,,7.3,0.418,18.2,,0.223
Rice,2004-2005,31,19,12,0.613,6.21,3.07,,12,6,,13,3,,5,8,,2301,2170,,,,0.364,0.236,0.556,50.9,58.1,,6.5,0.520,17.8,,0.264
Richmond,2004-2005,29,14,15,0.483,0.47,3.06,,8,8,,8,4,,4,10,,1934,2009,,,,0.373,0.307,0.525,47.4,59.7,,7.1,0.500,17.9,,0.237
Rider,2004-2005,30,19,11,0.633,-1.92,-4.33,,13,5,,8,3,,8,6,,2248,2157,,,,0.315,0.373,0.545,49.7,58.1,,4.9,0.508,14.9,,0.238
Robert Morris,2004-2005,29,14,15,0.483,-9.88,-7.13,,11,7,,7,6,,6,9,,2018,2035,,,,0.361,0.357,0.547,47.2,52.5,,4.5,0.515,17.2,,0.252
Rutgers,2004-2005,29,10,19,0.345,3.32,8.75,,2,14,,7,8,,2,10,,1883,2026,,,,0.304,0.323,0.496,46.9,56.5,,5.7,0.460,14.8,,0.215
Sacramento State,2004-2005,28,12,16,0.429,-11.33,-5.08,,8,6,,10,4,,2,12,,1934,2040,,,,0.377,0.344,0.484,48.1,51.1,,8.5,0.443,17.4,,0.255
Sacred Heart,2004-2005,27,4,23,0.148,-16.74,-7.37,,3,15,,3,8,,1,15,,1756,2009,,,,0.359,0.270,0.502,49.9,50.8,,4.6,0.474,21.8,,0.227
Saint Francis (PA),2004-2005,28,15,13,0.536,-9.55,-7.55,,10,8,,11,2,,4,11,,1947,1975,,,,0.327,0.280,0.561,49.6,64.3,,4.3,0.528,18.7,,0.241
Saint Joseph's,2004-2005,36,24,12,0.667,7.77,3.31,,14,2,,12,1,,7,7,,2294,2110,,,,0.440,0.419,0.536,52.1,67.9,,13.7,0.503,18.9,,0.290
Saint Louis,2004-2005,30,9,21,0.300,0.67,5.03,,6,10,,5,10,,3,9,,1693,1824,,,,0.338,0.280,0.485,49.2,62.0,,3.5,0.450,18.5,,0.226
Saint Mary's (CA) NCAA,2004-2005,34,25,9,0.735,6.68,2.40,,11,3,,15,1,,9,4,,2373,2178,,,,0.420,0.369,0.544,53.0,47.9,,5.9,0.501,19.7,,0.304
Saint Peter's,2004-2005,28,15,13,0.536,-2.94,-4.26,,10,8,,9,2,,5,10,,2200,2163,,,,0.354,0.354,0.519,48.4,52.4,,4.3,0.484,15.1,,0.245
Sam Houston,2004-2005,30,18,12,0.600,-2.14,-3.87,,11,5,,12,2,,5,8,,2210,2018,,,,0.425,0.303,0.536,52.1,68.3,,8.7,0.511,20.2,,0.266
Samford,2004-2005,28,15,13,0.536,-5.00,-5.42,,10,6,,10,3,,4,10,,1804,1740,,57.6,110.0,0.356,0.482,0.630,45.0,58.8,12.5,3.0,0.604,19.4,21.2,0.266
San Diego,2004-2005,29,16,13,0.552,2.87,2.24,,7,7,,11,3,,4,8,,2222,2130,,,,0.383,0.318,0.576,51.5,60.4,,4.0,0.537,20.3,,0.288
San Diego State,2004-2005,29,11,18,0.379,1.05,5.61,,4,10,,7,9,,3,8,,1989,2062,,,,0.386,0.304,0.516,48.2,49.7,,5.4,0.477,17.5,,0.268
San Francisco,2004-2005,31,17,14,0.548,2.29,3.32,,6,8,,12,4,,4,9,,2138,2136,,,,0.328,0.353,0.499,47.8,48.1,,4.2,0.464,16.0,,0.226
San Jose State,2004-2005,29,6,23,0.207,-7.70,2.41,,3,15,,5,9,,1,13,,1769,2062,,,,0.237,0.327,0.490,45.5,54.8,,2.7,0.459,17.6,,0.172
Santa Clara,2004-2005,31,15,16,0.484,2.57,2.17,,7,7,,8,7,,4,9,,2308,2283,,,,0.379,0.333,0.520,50.6,56.9,,3.6,0.477,16.0,,0.273
Savannah State,2004-2005,28,0,28,0.000,-31.18,-7.93,,,,,0,12,,0,15,,1623,2274,,73.9,78.4,0.355,0.288,0.421,46.2,37.1,9.4,8.1,0.389,22.1,34.8,0.205
Seton Hall,2004-2005,28,12,16,0.429,5.01,6.04,,4,12,,9,7,,3,8,,1756,1785,,,,0.302,0.266,0.485,52.1,55.2,,6.6,0.447,17.8,,0.215
Siena,2004-2005,30,6,24,0.200,-11.41,-2.47,,4,14,,3,10,,3,10,,1922,2190,,,,0.340,0.353,0.469,49.6,53.8,,3.8,0.426,18.3,,0.238
South Alabama,2004-2005,28,10,18,0.357,-5.92,0.04,,6,9,,7,7,,3,10,,1744,1849,,,,0.412,0.420,0.521,47.7,52.9,,5.6,0.490,21.1,,0.266
South Carolina,2004-2005,33,20,13,0.606,11.82,7.85,,7,9,,16,3,,1,9,,2263,2132,,,,0.349,0.261,0.527,49.9,51.4,,7.8,0.507,16.2,,0.214
South Carolina State,2004-2005,31,19,12,0.613,-5.03,-10.93,,11,7,,6,3,,9,6,,2086,1903,,,,0.439,0.286,0.538,54.2,48.6,,4.0,0.497,21.5,,0.308
South Florida,2004-2005,30,14,16,0.467,2.78,2.03,,5,11,,8,5,,2,10,,2029,1996,,,,0.417,0.304,0.535,49.9,55.9,,6.6,0.496,19.5,,0.291
Southeast Missouri State,2004-2005,29,15,14,0.517,-3.02,-3.78,,9,7,,10,4,,5,9,,2042,1972,,,,0.337,0.321,0.556,48.4,56.6,,7.5,0.528,17.1,,0.235
Southeastern Louisiana NCAA,2004-2005,33,24,9,0.727,-0.87,-5.23,,13,3,,13,1,,8,6,,2085,1842,,,,0.402,0.227,0.527,50.2,50.5,,7.9,0.498,18.9,,0.260
Southern,2004-2005,29,14,15,0.483,-15.53,-13.39,,10,8,,11,2,,2,12,,1877,1909,,,,0.374,0.292,0.481,51.1,52.3,,5.6,0.449,21.0,,0.235
Southern California,2004-2005,29,12,17,0.414,4.49,6.87,,5,13,,7,7,,2,10,,2159,2228,,,,0.293,0.353,0.526,50.3,54.0,,4.6,0.512,18.9,,0.175
Southern Illinois NCAA,2004-2005,35,27,8,0.771,11.54,5.13,,15,3,,15,0,,8,6,,2365,2123,,,,0.270,0.283,0.536,50.3,53.4,,5.8,0.503,16.9,,0.202
Southern Methodist,2004-2005,28,14,14,0.500,3.59,2.11,,9,9,,10,4,,4,9,,1946,1891,,,,0.352,0.211,0.524,50.8,52.4,,6.5,0.488,17.6,,0.246
Southern Mississippi,2004-2005,28,11,17,0.393,-4.81,1.51,,2,14,,7,6,,1,9,,1897,1981,,,,0.402,0.279,0.528,50.5,50.5,,2.4,0.482,17.4,,0.294
Southern Utah,2004-2005,28,13,15,0.464,-9.34,-4.07,,6,10,,10,3,,3,11,,1954,2047,,,,0.296,0.338,0.541,46.0,62.4,,4.0,0.522,17.5,,0.189
St. Bonaventure,2004-2005,28,2,26,0.071,-15.69,0.38,,1,15,,1,11,,0,12,,1718,2168,,,,0.313,0.300,0.469,46.6,55.1,,2.7,0.436,18.9,,0.204
St. Francis (NY),2004-2005,28,13,15,0.464,-8.77,-8.66,,9,9,,8,4,,5,11,,1961,1964,,,,0.362,0.378,0.539,45.5,56.4,,7.5,0.517,18.7,,0.230
St. John's (NY),2004-2005,27,9,18,0.333,4.98,7.42,,3,13,,9,7,,0,11,,1738,1804,,,,0.327,0.238,0.500,51.3,51.2,,7.5,0.467,20.2,,0.219
Stanford NCAA,2004-2005,31,18,13,0.581,9.09,8.12,,11,7,,10,2,,5,5,,2173,2134,,,,0.382,0.204,0.517,50.4,48.2,,4.8,0.470,16.9,,0.282
Stephen F. Austin,2004-2005,27,12,15,0.444,-10.15,-7.54,,6,10,,8,5,,3,9,,1751,1676,,,,0.362,0.238,0.520,53.4,49.9,,3.3,0.480,19.4,,0.258
Stetson,2004-2005,27,10,17,0.370,-12.96,-6.23,,8,12,,6,5,,4,12,,1791,1954,,,,0.382,0.257,0.507,50.5,45.2,,3.2,0.464,19.2,,0.270
Stony Brook,2004-2005,29,12,17,0.414,-8.59,-4.66,,6,12,,8,5,,3,11,,1793,1907,,,,0.354,0.295,0.495,49.7,49.3,,4.5,0.454,18.2,,0.250
Syracuse NCAA,2004-2005,34,27,7,0.794,15.95,6.83,,11,5,,16,2,,6,3,,2548,2197,,,,0.383,0.255,0.551,52.8,55.5,,8.1,0.524,16.7,,0.256
TCU,2004-2005,35,21,14,0.600,5.39,3.51,,8,8,,14,3,,5,10,,2463,2385,,,,0.433,0.393,0.507,49.1,55.0,,3.3,0.483,17.1,,0.257
Temple,2004-2005,30,16,14,0.533,6.68,4.31,,11,5,,8,5,,6,7,,1914,1843,,,,0.351,0.389,0.479,50.0,44.0,,6.0,0.442,12.1,,0.233
Tennessee,2004-2005,31,14,17,0.452,8.47,8.38,,6,10,,10,6,,2,8,,2138,2135,,,,0.338,0.345,0.549,49.6,54.9,,5.8,0.521,18.2,,0.233
Tennessee State,2004-2005,31,14,17,0.452,-4.50,-1.25,,9,7,,10,2,,2,15,,2337,2420,,,,0.324,0.346,0.538,50.0,55.8,,7.6,0.509,18.5,,0.223
Tennessee Tech,2004-2005,29,18,11,0.621,-2.85,-5.01,,12,4,,13,0,,4,9,,2150,1996,,,,0.402,0.310,0.555,53.7,55.0,,6.5,0.517,20.3,,0.287
Tennessee-Martin,2004-2005,27,6,21,0.222,-15.30,-3.38,,3,13,,3,7,,3,11,,1814,2066,,,,0.400,0.266,0.495,48.2,47.3,,4.7,0.455,18.7,,0.268
Texas NCAA,2004-2005,31,20,11,0.645,15.49,7.56,,9,7,,14,2,,4,6,,2384,2124,,,,0.408,0.350,0.558,53.4,49.8,,7.1,0.524,16.9,,0.285
Texas A&M,2004-2005,31,21,10,0.677,13.15,5.18,,8,8,,17,3,,4,6,,2282,1970,,,,0.469,0.309,0.578,52.8,64.6,,6.7,0.547,18.0,,0.320
Texas A&M-Corpus Christi,2004-2005,28,20,8,0.714,-0.08,-5.48,,,,,12,2,,8,6,,2102,1818,,69.0,108.8,0.344,0.270,0.582,54.3,66.9,10.2,13.2,0.548,20.2,38.1,0.258
Texas Southern,2004-2005,26,11,15,0.423,-16.79,-13.23,,9,9,,7,5,,4,10,,1711,1785,,,,0.449,0.294,0.497,52.5,52.2,,5.2,0.456,20.5,,0.295
Texas State,2004-2005,28,14,14,0.500,-9.75,-5.53,,8,8,,10,3,,4,11,,1914,1936,,,,0.383,0.330,0.544,49.5,50.6,,3.7,0.507,19.2,,0.271
Texas Tech NCAA,2004-2005,33,22,11,0.667,16.23,9.11,,10,6,,13,2,,5,5,,2535,2287,,,,0.356,0.187,0.554,49.6,59.3,,6.3,0.513,15.6,,0.269
Texas-Rio Grande Valley,2004-2005,28,12,16,0.429,-9.21,-1.61,,,,,11,3,,1,13,,1915,2009,,69.7,98.1,0.432,0.379,0.522,52.4,55.5,9.2,6.6,0.478,20.5,37.0,0.303
The Citadel,2004-2005,28,12,16,0.429,-13.98,-6.65,,4,12,,8,6,,4,9,,1868,1953,,,,0.396,0.356,0.498,50.4,45.2,,7.1,0.464,20.8,,0.256
Toledo,2004-2005,29,16,13,0.552,4.89,3.25,,11,7,,11,1,,3,10,,2055,1990,,,,0.341,0.348,0.544,47.2,56.3,,5.3,0.512,17.8,,0.240
Towson,2004-2005,29,5,24,0.172,-11.43,-3.43,,2,16,,3,10,,1,13,,1803,2035,,,,0.359,0.360,0.485,48.9,60.6,,5.6,0.450,18.5,,0.236
Troy,2004-2005,30,12,18,0.400,-10.80,-6.42,,10,10,,6,5,,5,9,,2244,2324,,,,0.247,0.499,0.543,42.4,59.3,,4.9,0.523,15.7,,0.168
Tulane,2004-2005,28,10,18,0.357,-6.79,0.55,,4,12,,8,5,,1,10,,1864,2039,,,,0.318,0.339,0.519,50.4,63.5,,6.8,0.483,21.1,,0.229
Tulsa,2004-2005,29,9,20,0.310,0.76,1.65,,5,13,,8,8,,1,10,,2070,2096,,,,0.339,0.277,0.526,48.5,54.3,,10.0,0.494,18.2,,0.234
UAB NCAA,2004-2005,33,22,11,0.667,10.41,4.77,,10,6,,11,3,,7,5,,2557,2371,,,,0.389,0.313,0.541,46.6,57.3,,5.4,0.505,15.8,,0.271
UC Davis,2004-2005,28,11,17,0.393,,,,,,,4,7,,3,8,,1903,2011,,65.5,101.5,0.334,0.400,0.555,45.8,54.4,9.0,3.3,0.518,18.9,25.6,0.249
UC Irvine,2004-2005,29,16,13,0.552,-2.81,-1.81,,8,10,,9,4,,6,8,,1991,1962,,,,0.358,0.296,0.545,50.9,61.3,,4.6,0.513,17.7,,0.251
UC Riverside,2004-2005,28,9,19,0.321,-8.52,-1.28,,4,14,,7,7,,1,12,,1745,1876,,,,0.363,0.351,0.508,49.3,63.9,,3.8,0.470,19.9,,0.251
UC Santa Barbara,2004-2005,29,11,18,0.379,-4.14,-0.40,,7,11,,8,4,,2,13,,1718,1823,,,,0.357,0.369,0.501,46.7,51.7,,5.9,0.469,17.5,,0.234
UCF NCAA,2004-2005,33,24,9,0.727,-4.91,-7.78,,13,7,,12,3,,8,5,,2304,2152,,,,0.382,0.446,0.573,54.2,65.3,,8.2,0.544,19.8,,0.266
UCLA NCAA,2004-2005,29,18,11,0.621,9.15,7.08,,11,7,,12,3,,6,5,,2138,2078,,,,0.383,0.325,0.547,52.9,55.7,,4.3,0.508,19.2,,0.276
UNC Asheville,2004-2005,28,11,17,0.393,-11.02,-4.37,,8,8,,8,5,,3,12,,1994,2118,,,,0.350,0.348,0.519,49.1,60.1,,7.2,0.486,18.9,,0.239
UNC Greensboro,2004-2005,30,18,12,0.600,-7.22,-2.96,,9,7,,11,2,,4,10,,2170,2186,,,,0.405,0.253,0.525,47.8,45.4,,9.2,0.486,20.2,,0.280
UNC Wilmington,2004-2005,29,19,10,0.655,-1.55,-3.13,,13,5,,11,2,,7,8,,1886,1840,,,,0.335,0.344,0.508,50.8,56.9,,2.6,0.469,15.5,,0.239
UT Arlington,2004-2005,28,13,15,0.464,-9.38,-4.25,,7,9,,9,5,,4,10,,1973,2053,,,,0.464,0.324,0.561,50.5,54.6,,5.6,0.524,23.2,,0.323
Utah NCAA,2004-2005,35,29,6,0.829,14.00,4.53,,13,1,,16,0,,7,3,,2379,2005,,,,0.472,0.291,0.597,59.1,61.6,,5.3,0.562,20.2,,0.338
Utah State NCAA,2004-2005,32,24,8,0.750,12.75,-1.48,,13,5,,14,1,,6,5,,2315,1848,,,,0.382,0.292,0.604,55.4,64.5,,5.3,0.582,17.1,,0.264
Utah Valley,2004-2005,28,16,12,0.571,,,,,,,8,1,,2,11,,1900,1842,,65.1,104.2,0.327,0.317,0.522,48.3,49.6,9.9,8.9,0.485,14.9,32.1,0.235
UTEP NCAA,2004-2005,35,27,8,0.771,9.60,0.91,,14,4,,16,2,,7,4,,2616,2278,,,,0.391,0.292,0.564,51.1,64.3,,5.4,0.514,15.5,,0.310
UTSA,2004-2005,28,15,13,0.536,-4.38,-3.94,,10,6,,10,4,,5,9,,2126,2067,,,,0.412,0.236,0.524,53.0,54.8,,7.0,0.500,19.9,,0.254
Valparaiso,2004-2005,31,15,16,0.484,-3.29,-0.15,,10,6,,8,4,,5,9,,2178,2265,,,,0.379,0.300,0.556,51.7,62.3,,2.1,0.517,19.5,,0.278
Vanderbilt,2004-2005,34,20,14,0.588,13.57,7.34,,8,8,,17,2,,3,8,,2420,2208,,,,0.299,0.451,0.571,49.9,62.8,,5.7,0.551,18.7,,0.203
Vermont NCAA,2004-2005,32,25,7,0.781,7.80,-1.95,,16,2,,13,0,,10,6,,2299,1987,,,,0.314,0.406,0.540,53.7,61.2,,3.1,0.507,15.1,,0.227
Villanova NCAA,2004-2005,32,24,8,0.750,19.06,8.43,,11,5,,14,2,,5,3,,2336,1996,,,,0.376,0.340,0.539,52.9,48.1,,10.5,0.496,15.9,,0.277
Virginia,2004-2005,29,14,15,0.483,7.48,10.62,,4,12,,10,5,,2,9,,2112,2203,,,,0.362,0.329,0.519,48.6,48.9,,6.2,0.484,16.3,,0.249
Virginia Commonwealth,2004-2005,32,19,13,0.594,2.01,-1.52,,13,5,,13,5,,6,8,,2240,2127,,,,0.354,0.342,0.531,49.1,53.4,,7.6,0.498,16.3,,0.245
VMI,2004-2005,27,9,18,0.333,-17.19,-8.15,,3,13,,6,7,,3,11,,1748,1893,,69.3,93.0,0.359,0.277,0.508,48.5,48.9,11.1,5.9,0.473,21.2,32.6,0.241
Virginia Tech,2004-2005,30,16,14,0.533,5.59,5.76,,8,8,,13,3,,3,9,,2056,2061,,,,0.341,0.271,0.502,47.6,52.8,,8.7,0.474,16.2,,0.219
Wagner,2004-2005,30,13,17,0.433,-9.88,-6.94,,10,8,,6,6,,7,11,,1862,1950,,,,0.338,0.287,0.493,53.7,52.0,,5.8,0.468,18.5,,0.208
Wake Forest NCAA,2004-2005,33,27,6,0.818,20.24,10.27,,13,3,,16,0,,8,4,,2801,2441,,,,0.461,0.320,0.584,54.9,55.0,,5.9,0.555,16.8,,0.315
Washington NCAA,2004-2005,35,29,6,0.829,19.76,7.65,,14,4,,15,0,,6,5,,3026,2596,,,,0.339,0.295,0.574,52.8,59.9,,4.3,0.542,15.9,,0.249
Washington State,2004-2005,28,12,16,0.429,6.38,7.38,,7,11,,5,5,,5,9,,1566,1594,,,,0.266,0.349,0.480,47.0,61.7,,6.2,0.459,19.2,,0.165
Weber State,2004-2005,30,14,16,0.467,-7.59,-5.62,,7,7,,10,3,,4,12,,1957,2000,,,,0.338,0.303,0.528,53.5,57.2,,2.8,0.490,18.0,,0.246
West Virginia NCAA,2004-2005,35,24,11,0.686,11.76,7.62,,8,8,,11,3,,6,5,,2501,2356,,,,0.311,0.459,0.564,47.0,66.6,,6.9,0.532,15.7,,0.231
Western Carolina,2004-2005,30,8,22,0.267,-12.90,-2.53,,3,13,,7,6,,1,13,,2094,2259,,,,0.342,0.312,0.495,49.0,55.0,,7.4,0.469,20.1,,0.213
Western Illinois,2004-2005,28,11,17,0.393,-5.78,-1.58,,7,9,,9,4,,2,12,,1879,1921,,,,0.417,0.322,0.546,50.4,56.3,,4.4,0.515,20.4,,0.280
Western Kentucky,2004-2005,31,22,9,0.710,5.01,-0.49,,9,5,,15,1,,6,7,,2388,2207,,,,0.312,0.346,0.554,50.1,50.1,,6.9,0.526,16.2,,0.222
Western Michigan,2004-2005,33,20,13,0.606,6.29,2.35,,11,7,,10,3,,9,7,,2407,2217,,,,0.394,0.352,0.533,53.9,52.1,,2.8,0.494,16.2,,0.279
Wichita State,2004-2005,32,22,10,0.688,9.62,4.37,,12,6,,13,3,,8,6,,2300,2132,,,,0.452,0.370,0.576,55.0,64.9,,4.4,0.537,18.2,,0.324
William & Mary,2004-2005,29,8,21,0.276,-12.10,-2.13,,3,15,,6,8,,1,12,,1880,2129,,,,0.437,0.323,0.513,50.6,59.7,,4.4,0.461,21.5,,0.317
Winthrop NCAA,2004-2005,33,27,6,0.818,0.48,-6.66,,15,1,,16,0,,9,4,,2245,1961,,,,0.421,0.350,0.543,52.4,62.2,,7.5,0.509,18.3,,0.285
Wisconsin NCAA,2004-2005,34,25,9,0.735,16.76,9.61,,11,5,,15,1,,5,6,,2290,2047,,,,0.383,0.358,0.542,52.7,56.3,,3.4,0.510,15.5,,0.259
Wofford,2004-2005,28,14,14,0.500,-6.42,-3.76,,7,9,,10,3,,4,10,,2040,1961,,,,0.367,0.333,0.541,48.0,59.4,,3.9,0.517,17.4,,0.235
Wright State,2004-2005,30,15,15,0.500,-0.30,0.37,,8,8,,11,4,,4,10,,1918,1938,,,,0.411,0.250,0.541,53.1,50.4,,3.2,0.509,18.8,,0.275
Wyoming,2004-2005,28,15,13,0.536,3.91,3.91,,7,7,,11,3,,3,8,,1986,1986,,,,0.444,0.305,0.530,53.3,49.0,,9.0,0.494,19.4,,0.297
Xavier,2004-2005,29,17,12,0.586,6.97,1.90,,10,6,,13,5,,4,7,,2033,1886,,,,0.397,0.394,0.562,52.3,63.6,,6.0,0.523,18.0,,0.291
Yale,2004-2005,27,11,16,0.407,-5.45,-2.82,,7,7,,7,4,,3,10,,1831,1902,,,,0.406,0.256,0.514,49.4,57.1,,4.9,0.480,18.0,,0.267
Youngstown State,2004-2005,28,5,23,0.179,-14.40,-0.71,,2,14,,5,10,,0,12,,1681,2005,,,,0.383,0.302,0.493,46.3,49.6,,7.2,0.458,20.4,,0.250